<?xml version="1.0" encoding="UTF-8" ?>
<!DOCTYPE struts PUBLIC
	"-//Apache Software Foundation//DTD Struts Configuration 2.3//EN"
	"http://struts.apache.org/dtds/struts-2.3.dtd">
<struts>
    <constant name="struts.enable.DynamicMethodInvocation" value="false" />
    <constant name="struts.devMode" value="false" />
    <!-- 将struts2交给spring来管理 -->
	<constant name="struts.objectFactory" value="spring" />
	
	<!-- 基包 -->
    <package name="base" namespace="/" extends="struts-default">
       <default-action-ref name="404page"/>
       
        <global-results>
            <result name="error">/error.jsp</result>
            <result name="message">/WEB-INF/page/share/message.jsp</result>
            <result name="automessage">/WEB-INF/page/control/collect/automessage.jsp</result>
        </global-results>
          
        <!--  
        <global-exception-mappings>
            <exception-mapping exception="java.lang.Exception" result="error"/>
        </global-exception-mappings>
        -->
        <action name="404page">
        	<result>/error/404.html</result>
        </action>

    </package>
    <!-- 系统初始化 -->
    <package name="system" namespace="/system" extends="base">
    	<action name="init" method="init" class="com.wzh.action.system.SystemAction"></action>
    </package>
    <!-- 后台主界面 -->
    <package name="control" namespace="/control" extends="base">
        <action name="index">
        	<result>/WEB-INF/page/control/index/index.jsp</result>
        </action>
        <action name="left">
        	<result>/WEB-INF/page/control/index/left.jsp</result>
        </action>
        <action name="main">
        	<result>/WEB-INF/page/control/index/main.jsp</result>
        </action>
    </package>
    <!-- 用户管理 -->
    <package name="usermanage" namespace="/control/user" extends="base">
    	<action name="index" method="index" class="com.wzh.action.control.user.UserAction">
        	<result name="index">/WEB-INF/page/control/user/index.jsp</result>
        </action>
        <action name="edit" method="edit" class="com.wzh.action.control.user.UserAction">
        	<result name="edit">/WEB-INF/page/control/user/edit.jsp</result>
        </action>
        <action name="update" method="update" class="com.wzh.action.control.user.UserAction">
        </action>
    </package>
    <!-- 采集管理 -->
    <package name="collect" namespace="/control/collect" extends="base">
        <action name="index" method="index" class="com.wzh.action.control.collect.CollectConfigAction">
        	<result name="index">/WEB-INF/page/control/collect/index.jsp</result>
        </action>
        <action name="add">
        	<result>/WEB-INF/page/control/collect/add.jsp</result>
        </action>
        <action name="addsitereg" method="addSiteReg" class="com.wzh.action.control.collect.CollectConfigAction">
        	<result name="add">/WEB-INF/page/control/collect/add.jsp</result>
        </action>
        <action name="insertsitereg" method="insertSiteReg" class="com.wzh.action.control.collect.CollectConfigAction">
        	
        </action>
        <action name="delete" method="delete" class="com.wzh.action.control.collect.CollectConfigAction">
        	
        </action>
        
        <action name="editsitereg" method="editSiteReg" class="com.wzh.action.control.collect.CollectConfigAction">
        	<result name="add">/WEB-INF/page/control/collect/add.jsp</result>
        </action>
        <action name="updatesitereg" method="updateSiteReg" class="com.wzh.action.control.collect.CollectConfigAction">
        	<result name="index">/WEB-INF/page/control/collect/index.jsp</result>
        </action>
        <action name="startcollect" method="startCollect" class="com.wzh.action.control.collect.CollectAction">
        </action>
        <action name="collectbook" method="collectBook" class="com.wzh.action.control.collect.CollectAction">
        </action>
        <action name="collectchapter" method="collectChapterContent" class="com.wzh.action.control.collect.CollectAction">
        	
        </action>
    </package>
    <!-- 小说类型管理 -->
    <package name="booktypemanage" namespace="/control/booktype" extends="base">
    	<!-- 类型管理 -->
    	<action name="index" method="index" class="com.wzh.action.control.book.BookTypeManageAction">
        	<result name="index">/WEB-INF/page/control/book/booktype/index.jsp</result>
        </action>
        <action name="edit" method="edit" class="com.wzh.action.control.book.BookTypeManageAction">
        	<result name="edit">/WEB-INF/page/control/book/booktype/edit.jsp</result>
        </action>
        <action name="update" method="update" class="com.wzh.action.control.book.BookTypeManageAction">
        </action>
    </package>
    <!-- 小说管理 -->
    <package name="bookmanage" namespace="/control/book" extends="base">
    	<!-- 小说管理 -->
        <action name="index" method="index" class="com.wzh.action.control.book.BookManageAction">
        	<result name="index">/WEB-INF/page/control/book/index.jsp</result>
        </action>
        <action name="editbook" method="edit" class="com.wzh.action.control.book.BookManageAction">
        	<result name="edit">/WEB-INF/page/control/book/edit.jsp</result>
        </action>
        <action name="updatebook" method="update" class="com.wzh.action.control.book.BookManageAction">
        </action>
        <action name="deletebook" method="delete" class="com.wzh.action.control.book.BookManageAction">
        </action>
        
        <action name="downimg" method="downLoadImg" class="com.wzh.action.control.book.BookManageAction">
        </action>
        <!-- 批量生成txt -->
        <action name="genetxts" method="geneTxts" class="com.wzh.action.control.book.BookManageAction">
        </action>
        
        <!-- 章节管理 -->
        <action name="chapterlist" method="index" class="com.wzh.action.control.book.ChapterManageAction">
        	<result name="chapterindex">/WEB-INF/page/control/book/chapter/index.jsp</result>
        </action>
        <action name="deletechapter" method="delete" class="com.wzh.action.control.book.ChapterManageAction">	
        </action>
        <action name="editchapter" method="edit" class="com.wzh.action.control.book.ChapterManageAction">	
        	<result name="edit">/WEB-INF/page/control/book/chapter/edit.jsp</result>
        </action>
        <action name="updatechapter" method="update" class="com.wzh.action.control.book.ChapterManageAction">	
        </action>
    </package>
    
     <!-- 采集更新 -->
    <package name="collectupdate" namespace="/control/collect/update" extends="base">
    	 <action name="start" method="startUpdate" class="com.wzh.action.control.collect.CollectUpdateAction">	
         </action>
         <action name="updatebook" method="updateBook" class="com.wzh.action.control.collect.CollectUpdateAction">	
         </action>
    </package>
    
    
    <!-- 友情链接管理 -->
    <package name="flinkmanage" namespace="/control/flink" extends="base">
    	 <action name="index" method="index" class="com.wzh.action.control.links.FlinkAction">	
         	<result name="index">/WEB-INF/page/control/flink/index.jsp</result>	
         </action>
         <action name="update" method="update" class="com.wzh.action.control.links.FlinkAction">	
         </action>
         <action name="insert" method="insert" class="com.wzh.action.control.links.FlinkAction">	
         </action>
         <action name="edit" method="edit" class="com.wzh.action.control.links.FlinkAction">
         	<result name="edit">/WEB-INF/page/control/flink/edit.jsp</result>	
         </action>
         <action name="add" method="add" class="com.wzh.action.control.links.FlinkAction">	
         	<result name="add">/WEB-INF/page/control/flink/edit.jsp</result>
         </action>
    </package>
    <!--  -->
    <package name="siteconfig" namespace="/control/systemconfig/site" extends="base">
    	<action name="index" method="index" class="com.wzh.action.control.config.SiteConfigAction">	
        	<result name="edit">/WEB-INF/page/control/config/siteconfig/edit.jsp</result>
         </action>
         <action name="update" method="update" class="com.wzh.action.control.config.SiteConfigAction">	
         </action>
    </package>
    <!-- 前台显示 -->
    <package name="front" namespace="/home" extends="base">
    	<action name="index" method="index" class="com.wzh.action.front.IndexAction">	
        	<result name="index">/${template}/index.jsp</result>
         </action>
         <action name="book" method="getBookById" class="com.wzh.action.front.book.BookAction">	
        	<result name="book">/${template}/book.jsp</result>
         </action>
         <action name="chapter" method="getChapterById" class="com.wzh.action.front.book.ChapterAction">	
        	<result name="chapter">/${template}/chapter.jsp</result>
         </action>
         <action name="list" method="list" class="com.wzh.action.front.book.BookTypeAction">	
        	<result name="list">/${template}/list.jsp</result>
         </action>
         
         <action name="selfdefine" method="index" class="com.wzh.action.front.custom.CustomAction">	
        	<result name="index">/${template}/${temname}.jsp</result>
         </action>
         
         <action name="search" method="search" class="com.wzh.action.front.book.SearchAction">	
        	<result name="search">/${template}/search.jsp</result>
         </action>
    </package>
    <!-- 后台登陆 -->
    <package name="login" namespace="/admin" extends="base">
    	<action name="index" method="index" class="com.wzh.action.login.LoginAction">	
        	<result name="index">/WEB-INF/page/login/index.jsp</result>
         </action>
         <action name="login" method="login" class="com.wzh.action.login.LoginAction">	
         </action>
         <action name="logout" method="logout" class="com.wzh.action.login.LoginAction">	
         </action>
    </package>
     <!-- 静态生成 -->
    <package name="createhtml" namespace="/control/createhtml" extends="base">
    	<action name="index" method="createHtml" class="com.wzh.action.control.html.CreateHtmlAction">	
    	</action>
    </package>
    
    
    <!-- 自动采集接口 -->
    <package name="autocollect" namespace="/autocollect" extends="base">
    	<action name="collect" method="collect" class="com.wzh.action.collect.AutoCollectAction">	
    	</action>
    	<action name="update" method="update" class="com.wzh.action.collect.AutoCollectAction">	
    	</action>
    </package>
    
    <!-- 广告管理 -->
    <package name="admanage" namespace="/control/ad" extends="base">
    	<action name="index" method="index" class="com.wzh.action.control.ad.AdjsAction">	
    		<result name="index">/WEB-INF/page/control/ad/index.jsp</result>
    	</action>
    	<action name="edit" method="edit" class="com.wzh.action.control.ad.AdjsAction">	
    		<result name="edit">/WEB-INF/page/control/ad/edit.jsp</result>
    	</action>
    	<action name="add" method="add" class="com.wzh.action.control.ad.AdjsAction">	
    		<result name="add">/WEB-INF/page/control/ad/edit.jsp</result>
    	</action>
    	<action name="insert" method="insert" class="com.wzh.action.control.ad.AdjsAction">	
    	</action>
    	<action name="update" method="update" class="com.wzh.action.control.ad.AdjsAction">	
    	</action>
    	<action name="delete" method="delete" class="com.wzh.action.control.ad.AdjsAction">	
    	</action>
    </package>
</struts>