<?xml version="1.0" encoding="utf-8"?>
<!DOCTYPE urlrewrite PUBLIC "-//tuckey.org//DTD UrlRewrite 4.0//EN"
        "http://www.tuckey.org/res/dtds/urlrewrite4.0.dtd">

<!--
    Configuration file for UrlRewriteFilter
    http://www.tuckey.org/urlrewrite/
-->
<urlrewrite>

	
	<rule>
        <note>
            自定义页面
        </note>
        <from>/self/([a-z0-9A-Z]+)/([0-9]*)</from>
        <to type="forward">/home/selfdefine?temname=$1&amp;page=$2</to>
    </rule>
    
   <rule>
        <note>
            列表页规则
        </note>
        <from>/list/([0-9]+)/([0-9]*)</from>
        <to type="forward">/home/list?type=$1&amp;page=$2</to>
    </rule>
    
    <rule>
        <note>
            小说详情页
        </note>
        <from>/bookinfo/([0-9]+).html</from>
        <to type="forward">/home/book?bookid=$1</to>
    </rule>
	<rule>
        <note>
            章节页
        </note>
        <from>/([0-9]+)/([0-9]+).html</from>
        <to type="forward">/home/chapter?chapterid=$2</to>
    </rule>
</urlrewrite>

